Page Number,Type,Text,Confidence Score % (Line)
1,LINE,VPBank,99.1%
1,LINE,Hôi So chính,79.79%
1,LINE,"Só 89 Láng Ha, Dông Da, Hà Nôi",87.29%
1,LINE,Ngân Hang Viet Nam Thjnh Vurong,80.46%
1,LINE,DT: (84.4) 39288869 Fax: (84.4) 39288867,98.6%
1,LINE,Swift: VPBKVNVX Website:www.vpb.com.vn,94.95%
1,LINE,VPBCORPAO,91.54%
1,LINE,GIÁY DÈ NGH! KIÊM HQP ĐÒNG MÓ VÀ SÚ DUNG TÀI KHOAN THANH TOÁN¹,70.77%
1,LINE,(Áp dung cho Khách hàng tô chúc,95.39%
1,LINE,Só:,73.97%
1,LINE,Khách hàng là tô chúc mô và sú dung,86.81%
1,LINE,TKTT thông qua Chi nhánh/Văn phòng,94.47%
1,LINE,dai diên cúa Doanh nghiêp,83.4%
1,LINE,Kính gúri: Ngân hàng TMCP Viêt Nam Thinh Vurong (VPBank) - Chi nhánh,91.61%
1,LINE,A- PHÂN DÀNH CHO KHÁCH HÀNG:,86.8%
1,LINE,I. TÊN CHU TÀI KHOAN (IN HOA),83.07%
1,LINE,Tên tiêng Viêt: [Tên Khách hàng]²,87.86%
1,LINE,[Tên Chi nhánh/VPDD]³:,82.42%
1,LINE,Tên tiêng nuóc ngoài: [Tên Khách hàng]⁴,95.11%
1,LINE,[Tên Chi nhánh/VPDD]⁵:,79.21%
1,LINE,Tên viêt tat: [Tên Khách hàng]⁶,84.98%
1,LINE,[Tên Chi nhánh/VPD]:⁷,85.76%
1,LINE,1. THÔNG TIN TÔ CHÚC CHU TÀI KHOÅN:,81.62%
1,LINE,Só hô SO (CIF) nêu có:,83.54%
1,LINE,ĐKDN/DKKD/QDTL:,58.68%
1,LINE,ngày dăng ký /thành lâp:,86.58%
1,LINE,Noi câp:,95.58%
1,LINE,", dang ký thay dôi lân",89.34%
1,LINE,ngày,94.75%
1,LINE,Quóc gia dang ký/thành lâp:,76.27%
1,LINE,Mã só,75.46%
1,LINE,thué:,89.12%
1,LINE,Tinh trang cu trú:,94.91%
1,LINE,Cu trú,98.19%
1,LINE,Không cu trú,94.33%
1,LINE,Dia chi tru so chính:,91.06%
1,LINE,Dia chi giao dich:,97.14%
1,LINE,Diên thoai cô dinh:,89.53%
1,LINE,Fax:,99.93%
1,LINE,Website:,99.92%
1,LINE,Diên thoai di dông:,92.04%
1,LINE,Email:,99.88%
1,LINE,(su dung dê nhân các thông báo tù VPBank),92.31%
1,LINE,Lînh vuc hoat dông kinh doanh:,89.41%
1,LINE,Loai hình tô chúc:,88.56%
1,LINE,Công ty TNHH,97.23%
1,LINE,Công ty Co phân,75.96%
1,LINE,Khác:,99.45%
1,LINE,Công ty Hop danh,98.29%
1,LINE,Doanh nghiep Nhà nuóc,90.55%
1,LINE,"(*) Dôi vói Khách hàng (KH) thuôc phân khúc SME dè nghi cung câp thêm các thông tin dwói, KH phân",94.67%
1,LINE,khúc khác không yêu câu cung câp:,92.17%
1,LINE,Doanh thu năm truóc (ty dong):,87.39%
1,LINE,≤3,87.96%
1,LINE,Trên 10 20,98.78%
1,LINE,Trên 30 50,98.66%
1,LINE,Trên 100 200,98.78%
1,LINE,Trên 300 400,98.72%
1,LINE,1 Don vi luu ý doc ky huóng dan sú dung mâu,81.57%
1,LINE,2 Diên tên Công ty/pháp nhân me,94.76%
1,LINE,3 Diên tên CN/VPDD,90.58%
1,LINE,4 Diên tên Công ty/pháp nhân me,95.41%
1,LINE,5 Diên tên CN/VPDD,91.52%
1,LINE,6 Diên tên Công ty/pháp nhân me,94.78%
1,LINE,7 Diên tên CN/VPDD,86.57%
1,LINE,MB01D.QF-GDTC/62,26.67%
1,LINE,1,96.78%
2,LINE,Trên 3 10,97.2%
2,LINE,Trên 20 30,97.49%
2,LINE,Trên 50 100,98.3%
2,LINE,Trên 200 300,97.79%
2,LINE,400,99.79%
2,LINE,Tông nguôn vôn (ty dong):,74.23%
2,LINE,< 03,90.77%
2,LINE,Trên 3 20,98.01%
2,LINE,Trên 20 50,97.14%
2,LINE,Trên 50 100,97.5%
2,LINE,100,99.77%
2,LINE,Só luong lao dong:,83.53%
2,LINE,Tù múc 10 nguòi trô xuong,85.82%
2,LINE,Trên 10 nguòi,97.2%
2,LINE,Sô luong lao dông tham gia BHXH bình quân năm (nguòi):,90.59%
2,LINE,≤ 10,77.2%
2,LINE,Trên 10 50,98.51%
2,LINE,Trên 50 100,98.57%
2,LINE,Trên 100 200,98.22%
2,LINE,200,99.26%
2,LINE,"Khách hàng duoc so hûu boi Phu nû, cu thê:",80.96%
2,LINE,(WOS1) Khách hàng có ít nhât 51% sô vôn góp/ cô phân so hûu boi phu nû,85.13%
2,LINE,(WOS2) Khách hàng có ít nhât 20% dên duói 51% sô vôn góp/ cô phân so hûu boi phu nû và có,87.69%
2,LINE,ít nhât 01 phu nû là Giám dôc/Tông Giám dôc dong thòi có ít nhât 30% phu nû là thành viên trong,91.58%
2,LINE,Hôi dong Quan tri/ Hôi dong thành viên.,81.76%
2,LINE,MOS Khách hàng không duoc so hûu boi phu nû,82.26%
2,LINE,2. ĐĂNG KÝ THÔNG TIN CHI NHÁNH/VĂN PHÒNG DAI DIÊN DO'N V! SÚ DUNG TÀI,80.07%
2,LINE,KHOÅN:,59.92%
2,LINE,ĐKDN/DKKD/QDTL:,73.23%
2,LINE,ngày dăng ký /thành lâp,87.52%
2,LINE,Noi cap:,78.51%
2,LINE,dăng ký thay dôi lân,85.31%
2,LINE,ngày,94.83%
2,LINE,Quoc gia dăng ký/thành lâp:,81.46%
2,LINE,Mã sô thuê:,84.16%
2,LINE,Tinh trang cu trú:,96.41%
2,LINE,Cu trú,95.6%
2,LINE,Không cu trú,93.03%
2,LINE,Dia chi tru so chính:,89.68%
2,LINE,Dia chi giao dich:,98.58%
2,LINE,Diên thoai cô dinh:,86.78%
2,LINE,Fax:,99.81%
2,LINE,Website:,99.7%
2,LINE,Diên thoai di dông:,85.04%
2,LINE,Email :,94.2%
2,LINE,(sir dung dê nhân,90.3%
2,LINE,các thông báo tù VPBank),97.29%
2,LINE,Lînh vuc hoat dông kinh doanh:,87.69%
2,LINE,"II. ĐĂNG KÝ THÔNG TIN DAI DIÊN THEO PHÁP LUÂT, GIÁM ĐÓC/TRUÖNG CHI",84.68%
2,LINE,NHÁNH/VĂN PHÒNG DAI DIÊN; THONG TIN DAI DIÊN THEO UY QUYÈN CÚA CHU TÀI,78.34%
2,LINE,KHOÄN VÀ ĐĂNG KÝ MÃU CHŪ KÝ SÚ DUNG TÀI KHOÅN*,70.23%
2,LINE,"Luu y: Thông tin só thi thuc nhâp cånh, ngày hêt han, noi cap; Dia chi cu' trú tai nuóc ngoài áp dung dói vói Nguòi",89.66%
2,LINE,nuóc ngoài/Nguòi không quoc tich/Nguòi có tù 2 quôc tich tró lên.,86.38%
2,LINE,1. THÔNG TIN DAI DIÊN THEO PHÁP LUAT,90.51%
2,LINE,MÃU CHŪ KÝ 1,68.71%
2,LINE,MÃU CHŪ KY 2,68.72%
2,LINE,Ho và tên:,86.53%
2,LINE,Ngày sinh:,98.66%
2,LINE,Nam,99.89%
2,LINE,Nû,65.96%
2,LINE,Nghê nghiep:,82.83%
2,LINE,Chúc vu:,81.82%
2,LINE,Quoc tich:,81.81%
2,LINE,Sô CMND/HC/Thé CCCD:,79.85%
2,LINE,Ngày câp:,82.72%
2,LINE,Noi câp:,86.24%
2,LINE,Mã sô thuê:,92.12%
2,LINE,Diên thoai:,81.72%
2,LINE,Email:,99.84%
2,LINE,Dia chi thuòng trú/cu trú Ó nuóc ngoài:,83.83%
2,LINE,Noi O hiên tai/ dang ký cu trú tai VN:,84.12%
2,LINE,Tình trang cu trú:,90.61%
2,LINE,Cu trú,97.72%
2,LINE,Không cu trú,97.41%
2,LINE,Sô thi thuc:,84.88%
2,LINE,Noi câp:,79.2%
2,LINE,Ngày hêt han:,93.12%
2,LINE,2. THONG TIN GIÁM ĐÓC/TRUĆNG CHI NHÁNH/VĂN,74.58%
2,LINE,MÃU CHŪ KÝ 1,72.67%
2,LINE,MÃU CHŪ KÝ 2,73.93%
2,LINE,PHÒNG DAI DIÊN,88.73%
2,LINE,MB01D.QD-GDTC/62,83.88%
2,LINE,2,98.64%
3,LINE,H₀ và tên:,82.44%
3,LINE,Ngày sinh:,98.5%
3,LINE,Nam,99.89%
3,LINE,Nû,64.63%
3,LINE,Nghê nghiep:,83.93%
3,LINE,Chúc vu:,81.67%
3,LINE,Quoc tich:,79.85%
3,LINE,Sô CMND/HC/Thé CCCD:,95.82%
3,LINE,Ngày câp:,84.38%
3,LINE,Noi cap:,84.63%
3,LINE,Mã sô thuê:,89.56%
3,LINE,Diên thoai:,81.67%
3,LINE,Email:,99.95%
3,LINE,Dia chi thuong trú/cu trú O' nuóc ngoài:,84.81%
3,LINE,Noi Ó hiên tai/ dăng ký cu trú tai VN:,85.96%
3,LINE,Tinh trang cu trú:,99.05%
3,LINE,Cu trú,99.26%
3,LINE,Không cu trú,93.4%
3,LINE,Sô thi thuc:,88.9%
3,LINE,Noi cap:,79.99%
3,LINE,Ngày hêt han:,96.61%
3,LINE,"3. THÔNG TIN DAI DIÊN THEO PHÁP LUÂT, DAI DIÊN",86.97%
3,LINE,THEO UY QUYÈN CUA CHU TÀI KHOAN VÀ DĂNG,80.89%
3,LINE,NHÓM CHŪ KÝ THÚ NHAT,74.44%
3,LINE,KY MÃU CHÛ KY SÜ DUNG TÀI KHOAN,72.83%
3,LINE,3.1,99.97%
3,LINE,DAI DIEN THEO PHÁP LUÂT:,91.12%
3,LINE,-,90.61%
3,LINE,Thông tin và mãu chû ký theo dăng ký nêu trên; và thuc hiên day du quyên cua Chu tài khoån,82.5%
3,LINE,3.2 DAI DIEN THEO UY QUYÊN THÚ NHÂT:,87.58%
3,LINE,Là Giám dôc/Truong Chi nhánh/Văn phòng dai diên:,81.29%
3,LINE,-,90.9%
3,LINE,Thông tin và mau chû ký theo dăng ký nêu trên; và,88.94%
3,LINE,- Thuc hiên day du quyên cua Chu tài khoån,74.24%
3,LINE,-,91.02%
3,LINE,"Pham vi dai diên, Thòi han úy quyèn:",86.71%
3,LINE,Chúng tôi lua chon phurong thúc uy quyên sô,89.01%
3,LINE,duói dây:,86.66%
3,LINE,"1. Theo uy quyên nhu nêu tai muc VIII, Giay dê nghi này.",91.14%
3,LINE,2. Theo Văn bån uy quyên sô,84.63%
3,LINE,ngày,90.98%
3,LINE,cúa,64.97%
3,LINE,3.3 DAI DIEN THEO ÜY QUYÈN THÚ HAI,86.74%
3,LINE,MÃU CHŪ KY 1,66.93%
3,LINE,MÃU CHŪ KY 2,69.62%
3,LINE,H₀ và tên:,87.1%
3,LINE,Ngày sinh:,98.81%
3,LINE,Nam,99.93%
3,LINE,Nû,60.57%
3,LINE,Nghê nghiep:,80.16%
3,LINE,Chúc vu:,87.24%
3,LINE,Quoc tich:,84.29%
3,LINE,Sô CMND/HC/Thé CCCD:,90.83%
3,LINE,Ngày cap:,82.2%
3,LINE,Noi cap:,75.27%
3,LINE,Mã sô thuê:,79.05%
3,LINE,Diên thoai:,86.28%
3,LINE,Email:,99.95%
3,LINE,Dia chi thuong trú/cu trú O nuóc ngoài:,84.53%
3,LINE,Noi Ó hiên tai/ dang ký cu trú tai VN:,86.58%
3,LINE,Tình trang cu trú:,89.55%
3,LINE,Cu trú,98.25%
3,LINE,Không cu trú,92.94%
3,LINE,Sô thi thuc:,95.87%
3,LINE,Noi câp:,93.42%
3,LINE,Ngày hêt han:,97.41%
3,LINE,"Pham vi dai diên, thòi han úy quyên cúa Chu tài khoån:",85.21%
3,LINE,Chúng tôi lua chon phuong thúc uy quyên sô,90.7%
3,LINE,duói dây:,81.21%
3,LINE,"1. Theo uy quyên nhu nêu tai muc VIII, Giay dê nghi này.",92.17%
3,LINE,2. Theo Văn bån uy quyên sô,89.69%
3,LINE,ngày,89.91%
3,LINE,cua,68.75%
3,LINE,3.4 DAI DIÊN THEO UY QUYÈN THÚ BA,85.89%
3,LINE,MÃU CHŪ KÝ 1,72.29%
3,LINE,MÃU CHŪ KÝ 2,70.3%
3,LINE,H₀ và tên:,85.92%
3,LINE,Ngày sinh:,97.72%
3,LINE,Nam,99.85%
3,LINE,Nû,67.75%
3,LINE,Nghê nghiep:,86.21%
3,LINE,Chúc vu:,91.76%
3,LINE,Quoc tich:,83.18%
3,LINE,Sô CMND/HC/Thé CCCD:,86.82%
3,LINE,MB01D.QD-GDTC/62,85.09%
3,LINE,3,99.1%
4,LINE,Ngày câp:,94.14%
4,LINE,Noi câp:,96.15%
4,LINE,Mã sô thuê:,95.82%
4,LINE,Diên thoai:,84.81%
4,LINE,Email:,99.91%
4,LINE,Dia chi thuong trú/cu trú Ò nuóc ngoài:,85.68%
4,LINE,Noi Ó hiên tai/ dăng ký cu trú tai VN:,85.53%
4,LINE,Tinh trang cu trú:,97.35%
4,LINE,Cu trú,99.01%
4,LINE,Không cu trú,95.67%
4,LINE,Sô thi thuc:,77.81%
4,LINE,Noi cap:,80.5%
4,LINE,Ngày hêt han:,96.07%
4,LINE,"Pham vi dai diên, thòi han uy quyên cúa Chú tài khoån:",84.57%
4,LINE,Chúng tôi lua chon phuong thúc uy quyên sô,89.04%
4,LINE,duói dây:,84.14%
4,LINE,"1. Theo uy quyên nhu nêu tai muc VIII, Giay dê nghi này.",90.81%
4,LINE,2. Theo Văn bån uy quyên sô,85.19%
4,LINE,ngày,88.13%
4,LINE,cúa,58.2%
4,LINE,"III. THÔNG TIN KÉ TOÁN TRUONG/ PHU TRÁCH KÉ TOÁN, NGU'ÒI DUOC UY QUYÈN CÚA",79.95%
4,LINE,KÉ TOÁN TRUÖNG/PHY TRÁCH KÉ TOÁN VÀ ĐĂNG KÝ MÃU CHŪ KÝ SÚ DUNG TÀI,79.0%
4,LINE,KHOAN THANH TOÁN*,80.56%
4,LINE,"Luu y: Thông tin sô thi thuc nhâp cånh, ngày hêt han, noi cap; Dia chi cu' trú tai nuóc ngoài áp dung dói vói Nguòi",89.17%
4,LINE,nuóc ngoài/ Nguòi không quoc tich/ Nguòi có tù 2 quoc tich tró lên.,87.23%
4,LINE,NHÓM CHŪ KY THÚ HAI,76.26%
4,LINE,1. KÉ TOÁN TRUÖNG/PHY TRÁCH KÉ TOÁN,86.19%
4,LINE,MÃU CHŪ KY 1,71.34%
4,LINE,MÃU CHŪ KÝ 2,66.5%
4,LINE,Ho và tên:,82.11%
4,LINE,Ngày sinh:,97.51%
4,LINE,Nam,99.93%
4,LINE,Nû,66.64%
4,LINE,Nghê nghiep:,83.0%
4,LINE,Chúc vu:,80.51%
4,LINE,Quoc tich:,77.06%
4,LINE,Sô CMND/HC/Thé CCCD:,80.62%
4,LINE,Ngày cap:,81.85%
4,LINE,Noi cap:,82.88%
4,LINE,Mã sô thuê:,91.93%
4,LINE,Diên thoai:,84.34%
4,LINE,Email:,99.95%
4,LINE,Dia chi thuong trú/cu trú O nuóc ngoài:,83.66%
4,LINE,Noi O hiên tai/ dăng ký cu trú tai VN:,84.84%
4,LINE,Tinh trang cu trú:,95.02%
4,LINE,Cu trú,98.36%
4,LINE,Không cu trú,93.16%
4,LINE,Sô thi thuc:,95.74%
4,LINE,Noi cap:,78.63%
4,LINE,Ngày hêt han:,96.37%
4,LINE,2. NGU'ÒI DUOC UY QUYÈN THÚ NHAT,72.0%
4,LINE,MAU CHŪ KÝ 1,67.11%
4,LINE,MAU CHŪ KÝ 2,69.71%
4,LINE,Ho và tên:,84.86%
4,LINE,Ngày sinh:,98.49%
4,LINE,Nam,99.93%
4,LINE,Nû,60.25%
4,LINE,Nghê nghiep:,83.99%
4,LINE,Chúc vu:,81.45%
4,LINE,Quôc tich:,83.39%
4,LINE,Sô CMND/HC/Thé CCCD:,70.03%
4,LINE,Ngày cap:,78.8%
4,LINE,Noi cap:,81.93%
4,LINE,Mã sô thuê:,87.72%
4,LINE,Diên thoai:,89.7%
4,LINE,Email:,99.88%
4,LINE,Dia chi thuong trú/cu trú Ó nuóc ngoài:,82.84%
4,LINE,Noi O hiên tai/ dăng ký cu trú tai VN:,84.0%
4,LINE,Tinh trang cu trú:,89.61%
4,LINE,Cu trú,98.27%
4,LINE,Không cu trú,92.7%
4,LINE,Sô thi thuc:,86.67%
4,LINE,Noi cap:,87.08%
4,LINE,Ngày hêt han:,94.61%
4,LINE,"Pham vi dai diên, thòi han úy quyên cúa Kê toán truông/Phu trách kê toán:",87.54%
4,LINE,Chúng tôi lua chon phuong thúc uy quyên sô,89.87%
4,LINE,duói dây:,88.9%
4,LINE,"1. Theo uy quyên nhu nêu tai muc VIII, Giay dè nghi này.",88.59%
4,LINE,2. Theo Văn bån uy quyên sô,83.76%
4,LINE,ngày,88.83%
4,LINE,cúa,56.75%
4,LINE,3. NGU'ÒI DUQ'C UY QUYÈN THÚ HAI,75.83%
4,LINE,MÃU CHŪ KY 1,71.2%
4,LINE,MÃU CHŪ KÝ 2,68.2%
4,LINE,H₀ và tên:,83.85%
4,LINE,Ngày sinh:,97.77%
4,LINE,Nam/Nūr:,52.2%
4,LINE,MB01D.QD-GDTC/62,67.0%
4,LINE,4,98.79%
5,LINE,Nghê nghiep:,79.9%
5,LINE,Chúc vu:,86.02%
5,LINE,Quôc tich:,83.74%
5,LINE,Sô CMND/HC/Thé CCCD:,81.7%
5,LINE,Ngày câp:,93.62%
5,LINE,Noi cap:,81.71%
5,LINE,Mã sô thuê:,93.6%
5,LINE,Diên thoai:,84.72%
5,LINE,Email:,99.91%
5,LINE,Dia chi thuong trú/cu trú Ó nuóc ngoài:,84.99%
5,LINE,Noi Ó hiên tai/ dăng ký cu trú tai VN:,84.76%
5,LINE,Tinh trang cu trú:,94.71%
5,LINE,Cu trú,98.78%
5,LINE,Không cu trú,96.24%
5,LINE,Sô thi thuc:,87.07%
5,LINE,Noi cap:,84.93%
5,LINE,Ngày hêt han:,95.52%
5,LINE,"Pham vi dai diên, thòi han úy quyên cúa Ké toán truông/Phu trách kê toán:",86.64%
5,LINE,Chúng tôi lua chon phuong thúc uy quyên sô,89.24%
5,LINE,duói dây:,83.22%
5,LINE,"1. Theo uy quyên nhu nêu tai muc VIII, Giay dê nghi này.",89.78%
5,LINE,2. Theo Văn bån uy quyên sô,86.89%
5,LINE,ngày,88.55%
5,LINE,cúa,62.25%
5,LINE,"IV. ĐĂNG KÝ MÃU DÁU VÀ NGUYÊN TAC SÚ DUNG MÃU DÁU, MÃU CHŪ KÝ SÚ DUNG TÀI",75.78%
5,LINE,KHOAN THANH TOÁN*,84.64%
5,LINE,Nguyên tăc sú dung mâu dâu và mâu chû ký,78.56%
5,LINE,Đăng ký mâu dâu,62.59%
5,LINE,Đāng ký mâu dau,62.99%
5,LINE,Chúng tù giao dich tài khoån cúa Chúng tôi chi có hiêu luc khi,91.56%
5,LINE,duoc dóng dâu (theo dăng ký tai muc này) và thoa mãn môt trong,92.11%
5,LINE,các diêu kiên duói dây:,84.02%
5,LINE,Có it nhât môt chû ký thuôc Nhóm chû ký thú nhât cúa Chu tài,85.78%
5,LINE,khoån (trong truong hop tô chúc không băt buôc phái bô trí Kê,84.21%
5,LINE,toán truong/Phu trách kê toán theo quy dinh cúa pháp luât);,91.78%
5,LINE,hoãc,80.14%
5,LINE,Có it nhât môt chu ký thuôc Nhóm chû ký thú nhât cúa Chu tài,85.38%
5,LINE,khoån và môt chû ký thuôc Nhóm chû ký thú hai cúa Kê toán,88.43%
5,LINE,truong/Phu trách kê toán/Nguòi duoc uy quyên boi Kê toán,88.45%
5,LINE,truong/Phu trách kê toán; hoãc,85.29%
5,LINE,Quy dinh khác (vui lòng ghi rõ):,97.86%
5,LINE,"V. ĐĂNG KÝ TÊN TÀI KHOÅN, LOAI TÀI KHOÅN*",80.89%
5,LINE,1. Đang ký tên Tài khoån:,83.4%
5,LINE,2. Đăng ký loai tài khoån cúa Khách hàng:,86.21%
5,LINE,Loai tài khoån yêu câu,86.86%
5,LINE,VND,99.99%
5,LINE,USD,100.0%
5,LINE,EUR,99.96%
5,LINE,Khác:,99.44%
5,LINE,Tài khoån thanh toán:,95.86%
5,LINE,Khác (xin nêu rõ):,94.84%
5,LINE,VI. ĐĂNG KÝ DICH VU TÀI KHOÅN*,85.35%
5,LINE,1. Đăng ký Dich vu nhân Sô phu tài khoån và Hóa don:,92.9%
5,LINE,Có,99.28%
5,LINE,Không,94.54%
5,LINE,Tân suât nhân sô phu tài khoån/hóa don,81.07%
5,LINE,Hàng ngày,85.43%
5,LINE,Hàng tuân,73.56%
5,LINE,Hang tháng,71.28%
5,LINE,Khác,99.81%
5,LINE,Đāng ký xuât gôp hóa don:,81.17%
5,LINE,Có,99.31%
5,LINE,Không,85.24%
5,LINE,Luu y: Yêu câu xuât gôp hóa don chi có thê thuc hiên dôi vói các giao dich tai cùng môt chi nhánh,90.21%
5,LINE,vói cùng mã sô thuê và trong cùng môt tháng.,95.03%
5,LINE,Hình thúc nhân sô phu tài khoan:,88.13%
5,LINE,Truc tiép tai VPBank⁸:,79.79%
5,LINE,"Qua buu diên, dia chi nhân:",88.68%
5,LINE,"Qua thu diên tir, dia chi email:",91.32%
5,LINE,"Qua fax, sô fax:",94.22%
5,LINE,8 Huóng dan Khách hàng diên thông tin Dia diêm giao dich cúa VPBank noi khách hàng muôn dên nhân sô phu/ hóa don,83.96%
5,LINE,MB01D.QD-GDTC/62,68.18%
5,LINE,5,99.1%
6,LINE,"Qua Nguòi giao nhân hô SO theo dăng ký tai Muc IX, Giay dê nghi này.",87.43%
6,LINE,Dia chi email nhân hóa don:,97.25%
6,LINE,2. Đāng ký Dich vu SMS Banking:,91.12%
6,LINE,Có,99.31%
6,LINE,Không,90.42%
6,LINE,Sô diên thoai di dông dăng ký:,84.87%
6,LINE,ĐTDĐ 1:,80.91%
6,LINE,DTDD 2:,75.97%
6,LINE,ĐTDĐ 3:,73.79%
6,LINE,Tài khoån thu phí:,93.0%
6,LINE,Sô tài khoån:,85.57%
6,LINE,hoãc bât ky môt trong các sô tài khoån có dăng ký su dung,87.68%
6,LINE,Dich vu SMS Banking,99.77%
6,LINE,Tât cå các sô tài khoån có dăng ký sú dung Dich vu SMS Banking.,85.59%
6,LINE,VII. THÔNG TIN FATCA VÀ THÔNG TIN CHU SÕ HÜU HUÖNG LOI CÚA KHÁCH HÀNG*,76.36%
6,LINE,THONG TIN FATCA,99.19%
6,LINE,1,98.64%
6,LINE,Quý Khách hàng có phài là doanh nghiep/ tô chúc duoc thành lâp tai Hoa Ky I hoat dông theo luât Hoa Ky,87.2%
6,LINE,hay bât ky bang nào cúa Hoa Ký? I có dia chi tai Hoa Ký?,87.51%
6,LINE,Có.,99.6%
6,LINE,1. Mã sô thuê Hoa Ký cúa tô chúc¹⁰ (Mã sô TIN):,89.72%
6,LINE,Khách,99.31%
6,LINE,"2. Nêu tô chúc thuôc diên dôi tuong duoc miên trù báo cáo FATCA, vui lòng cung câp Mã sô miên",89.5%
6,LINE,hàng vui,87.76%
6,LINE,trù báo cáo FATCA duoc câp boi chính phu Hoa Ky.,85.07%
6,LINE,lòng,97.86%
6,LINE,Exemption code¹¹:,97.53%
6,LINE,cung câp:,77.02%
6,LINE,Doanh nghiep/ tô chúc phi tài chính nuóc ngoài (ngoài Hoa Ký) chu dông¹².,89.17%
6,LINE,Không.,98.46%
6,LINE,Doanh nghiep/ tô chúc phi tài chính nuóc ngoài (ngoài Hoa Ky) bi dông và:,91.22%
6,LINE,Khách,99.09%
6,LINE,Không có Cá nhân có quyên kiêm soát hoãc có Cá nhân có quyên kiêm soát không phài là,91.25%
6,LINE,hàng là:,86.71%
6,LINE,nguòi Hoa Ky.,81.74%
6,LINE,"Có Cá nhân có quyên kiêm soát là nguòi Hoa Ký, vui lòng cung cap:",87.99%
6,LINE,Sô,94.71%
6,LINE,Tên,98.97%
6,LINE,Dia chi,93.17%
6,LINE,Mã sô TIN,96.24%
6,LINE,1.,99.87%
6,LINE,2.,99.96%
6,LINE,3.,99.89%
6,LINE,"Tô chúc tài chính, vui lòng cung câp thông tin theo Mâu biêu W-8BEN-E",96.86%
6,LINE,"Không thuôc môt trong các truong hop trên dây, vui lòng diên và cung câp thông tin theo Mâu",94.87%
6,LINE,biêu W-8BEN-E W-8IMY W-8ECI | W-8EXP phù hop do IRS ban hành.,93.16%
6,LINE,2,99.17%
6,LINE,THÔNG TIN CHU SO HÜU HUÖNG LOI CUÓI CÙNG: Cá nhân so hûru thuc tê dôi vói 1 tài khoån,73.66%
6,LINE,"hoãc 1 giao dich (1a) chu tài khoån (1b) dong chu tài khoån hoãc (1c) cá nhân khác chi phói hoat dông, thu",87.32%
6,LINE,huong cúa tài khoan hoãc thu huong tù giao dich dó; Cá nhân có quyên chi phói pháp nhân: (2a) Cá nhân,92.18%
6,LINE,nám giû truc tiép hoãc gián tiép tù 25% trô lên vôn diêu lê cua Khách hàng; (2b) chu doanh nghiep tu nhân¹³;,82.05%
6,LINE,"(2c) cá nhân khác thuc té chi phói, kiêm soát hoat dông cúa Khách hàng; Cá nhân có quyên chi phói môt йу",87.98%
6,LINE,"thác dàu tu, thoa thuân uy quyèn: (3a) cá nhân uy thác, uy quyên cho Khách hàng; (3b) Cá nhân có quyên",84.6%
6,LINE,"chi phói cá nhân uy thác/uy quyên cho Khách hàng, (3c) cá nhân có quyên chi phói pháp nhân/to chúc uy thác,",86.72%
6,LINE,uy quyên cho Khách hàng.,86.35%
6,LINE,9,94.91%
6,LINE,Khách hàng lân dâu thiét lâp quan hê vói VPBank hoãc có thay dôi các thông tin tuong úng dã cung câp cho VPBank thì,89.46%
6,LINE,cung câp bô sung các thông tin tai muc này.,94.11%
6,LINE,10 TIN gôm 9 ký tu sô,86.95%
6,LINE,11,97.31%
6,LINE,"Dê tham khåo thông tin vê Mã sô miên trù báo cáo FATCA, vui lòng xem bån Diêu kien- Diêu kiên vê tuân thu dao luât",85.73%
6,LINE,FATCA dành cho Khách hàng tô chúc duoc dăng tai trên website cúa VPBank,88.35%
6,LINE,12 Tham khåo bång tiêu chí xác dinh Doanh nghiep/ tô chúc phi tài chính nuóc ngoài (ngoài Hoa Ky) chu dông do VPBank,91.81%
6,LINE,cung câp.,76.32%
6,LINE,13 Áp dung trong truong hop Khách hàng là chu doanh nghiep tu nhân.,89.26%
6,LINE,MB01D.QD-GDTC/62,79.01%
6,LINE,6,99.41%
7,LINE,H₀ tên,90.91%
7,LINE,Loai,99.93%
7,LINE,dôi,53.84%
7,LINE,Dôi,55.03%
7,LINE,turong,96.5%
7,LINE,turong,96.07%
7,LINE,"(1a,",92.98%
7,LINE,huong,63.0%
7,LINE,"ab,..)",96.63%
7,LINE,loi,79.22%
7,LINE,% so,71.53%
7,LINE,hûru,50.48%
7,LINE,Ngày sinh,98.79%
7,LINE,Quoc tich,72.21%
7,LINE,Nghê nghiep/,64.6%
7,LINE,Chúrc vu,86.98%
7,LINE,Diên thoai,85.26%
7,LINE,Só,55.67%
7,LINE,CMND,100.0%
7,LINE,/Hô,87.57%
7,LINE,Ngày,85.85%
7,LINE,chiêu/,56.89%
7,LINE,câp,96.4%
7,LINE,The,95.45%
7,LINE,Noi,99.95%
7,LINE,câp,96.02%
7,LINE,Só,60.49%
7,LINE,Thi,99.33%
7,LINE,thurc,58.96%
7,LINE,Ngày,95.38%
7,LINE,nhâp,97.06%
7,LINE,câp,94.39%
7,LINE,cånh,58.56%
7,LINE,Ngày,92.67%
7,LINE,hêt,96.09%
7,LINE,han,99.89%
7,LINE,Dia chi thuròng,79.83%
7,LINE,trú/ Cu trú o,76.15%
7,LINE,nuóc ngoài,85.31%
7,LINE,Noi ӧ hiên tai,74.92%
7,LINE,3,99.73%
7,LINE,MUC ĐÍCH CÚA KHÁCH HANG TRONG MÓI QUAN HE VÓI VPBANK*:,82.9%
7,LINE,"Su dung dich vu thu, chi hô",91.79%
7,LINE,"Thanh toán, chuyen tiên, kinh doanh trong nuóc",94.08%
7,LINE,"Thanh toán, chuyen tiên, kinh doanh quôc tê",86.35%
7,LINE,Quan lý dòng tiên,88.3%
7,LINE,Các muc dích khác phuc vu cho hoat dông vân hành tô chúc,95.87%
7,LINE,Khác;,93.07%
7,LINE,4,99.5%
7,LINE,Khách hàng có phái là nguòi nhân uy thác (bao gôm cá viêc nhân uy thác tù uy thác nuóc ngoài) hoãc là bên,87.25%
7,LINE,nhân uy quyên theo các thoa thuân pháp lý¹⁴ không? *,92.12%
7,LINE,Không,88.73%
7,LINE,"Có, vui lòng cung câp thông tin bô sung theo mâu biêu cúa VPBank.",89.24%
7,LINE,14 Thóa thuân pháp lý bao gôm các thoa thuân duoc thiêt lâp bang văn bån giûa tô chúc và cá nhân trong và ngoài nuóc vê uy,87.98%
7,LINE,"thác, uy quyên dôi vói viêc quån lý và su dung tiên, tài sån.",84.25%
7,LINE,MB01D.QD-GDTC/62,68.69%
7,LINE,7,99.34%
8,LINE,VIII. UY QUYÈN CÚA CHU TÀI KHOAN VÀ CÚA KÉ TOÁN TRUÖNG/PHU TRÁCH KÉ TOÁN*,80.13%
8,LINE,1.,99.62%
8,LINE,Uy quyên cúa Chú tài khoån:,70.78%
8,LINE,"Bang văn bån này, Chu tài khoån - [Tên Khách hàng",85.35%
8,LINE,uy quyên cho Dai diên theo uy quyên duoc thay măt Chu tài khoån thuc hiên các giao dich liên quan dên viêc,90.9%
8,LINE,"mo, sú dung, quan lý tài khoån thanh toán cua Công ty (sau dây goi tat là ""TKTT"") duoc mo theo Giay dê",83.9%
8,LINE,"nghi này; Giây dê nghi mo thêm tài khoån, Giay dê nghi súa dôi thông tin và/hoac bât ky văn bån nào cúa",83.75%
8,LINE,"Chúng tôi trong dó dân chiéu viêc áp dung uy quyên này, bao gôm các công viêc sau:",90.75%
8,LINE,"1.1. Thuc hiên ký kêt, xác nhân các Hop dong, văn bån, chúng tù sau day (bao gôm các văn bån/phu luc súa dôi,",88.56%
8,LINE,"bô sung, huy bo liên quan dên các Hop dông, văn bån, chúng tù này) phát sinh tù và/hoac liên quan dên viêc",93.15%
8,LINE,"su dung, quan lý TKTT duoc mo tai VPBank, bao gôm nhung không giói han:",86.87%
8,LINE,"(i) Các Hop dong, văn bån, chúng tù/lênh thanh toán theo quy dinh cua VPBank dê nôp tiên, rút tiên măt,",90.22%
8,LINE,dê nghi thuc hiên cung úng dich vu thanh toán trong nuóc và quôc tê nhu cung úng phuong tiên thanh,90.48%
8,LINE,"toán qua TKTT, thuc hiên dich vu thanh toán séc, Lênh chi, Uy nhiêm chi, Nhò thu, Uy nhiêm thu,",96.8%
8,LINE,"Chuyên tiên, Thu hô, Chi hô và các dich vu gia tăng khác phù hop vói quy dinh pháp luât hiên hành.",94.02%
8,LINE,"(ii) Các Hop dong, văn bån, chúng tù theo quy dinh cúa VPBank dê quan lý TKTT bao gom nhung không",88.68%
8,LINE,giói han nhu văn bån Dê nghi xác nhân sô du TKTT; Tam khóa TKTT; Phong toa TKTT; Châm dút tam,95.65%
8,LINE,khóa TKTT; Giai toa TKTT; Dóng TKTT; Dê nghi cung câp thông tin; Súa dôi thông tin TKTT; Dê,88.66%
8,LINE,nghi tra soát khiêu nai và các văn bån khác liên quan dên su dung quan lý TKTT.,88.38%
8,LINE,"(iii) Các Hop dông, văn bån, chúng tù theo quy dinh cúa VPBank dê tham gia, su dung tât cå các Sån",87.66%
8,LINE,"phâm/Dich vu thông qua TKTT, bao gôm nhung không giói han nhu Dich vu sô phu tài khoan/nhân hóa",95.21%
8,LINE,don; Dich vu SMS Banking/VPBank SMS; Yêu câu sô séc; Dich vu internet banking/VPBank online;,96.69%
8,LINE,Dich vu the ngân hàng (The ghi no); Dich vu trå luong qua tài khoån; Dich vu nôp thuê diên tů; Dich vu,92.62%
8,LINE,"thu hô, chi hô và các San phâm/Dich vu khác thông qua TKTT.",95.24%
8,LINE,"(iv) Các Hop dong, văn bån, chúng tù theo quy dinh cúa VPBank dê tham gia, su dung các San phâm/Dich",89.07%
8,LINE,"vu liên quan dên Tài tro thuong mai do VPBank cung cap thông qua TKTT, bao gôm nhung không giói",95.4%
8,LINE,"han Sån phâm/Dich vu L/C thu tín dung (L/C trå ngay, L/C trå châm, L/C UPAS, L/C xuât khau và",93.89%
8,LINE,"các loai L/C khác), Nhò thu xuat/nhap khau",86.74%
8,LINE,"1.2. Thuc hiên ký kêt, xác nhân các Hop dông, van bån, chúng tù (bao gôm các văn bån/phu luc súa dôi bô sung,",86.89%
8,LINE,"huy bo liên quan dên Hop dong, văn bån, chúng tù này) theo quy dinh cúa VPBank dê tham gia, su dung các",90.1%
8,LINE,"Sån phâm/Dich vu Tiên gui, Chúng chi tiên gúi, Ky phiéu, Trái phiéu, mua bán Giay tò có giá, Ngoai hôi",84.19%
8,LINE,"(giao dich ngoai tê, hoán dôi lãi suât, phái sinh lãi suât, vàng...), Giao dich qua fax, Giao dich qua email,",95.51%
8,LINE,"Dich vu thu hô, Dich vu chi hô.",98.97%
8,LINE,"1.3. Khi thuc hiên ký kêt, xác nhân các Hop dong, văn bån, chúng tù nêu trên, Dai diên theo uy quyên duoc toàn",91.5%
8,LINE,"quyên thoa thuân/quyêt dinh các vân dê liên quan nhu phí su dung, phí quan lý, phí duy trì, lãi suât, ty giá,",87.36%
8,LINE,"phat vi pham, chi dinh nguòi su dung Sån phâm/Dich vu (dói vói Sån phâm/Dich vu mà trong Hop dông có",89.44%
8,LINE,"nôi dung thoa thuân vê nguòi sú dung nhu Dich vu VPBank Online/The ghi no...), quyên và nghîa vu và các",89.66%
8,LINE,"vân dê khác phát sinh tù hoãc có liên quan dên viêc mo, su dung, quan lý TKTT tai VPBank và tham gia su",89.49%
8,LINE,"dung các Sån phâm/Dich vu do VPBank cung câp nhu nêu trên, bao gôm cå quyên duoc thuc hiên súa dôi/bô",87.56%
8,LINE,"sung/thay dôi nôi dung cúa bât ky Hop dông, văn bån, chúng tù dó.",89.38%
8,LINE,"1.4. Duoc giao nhân Hop dong, văn bån, chúng tù nhu nêu trên vói dai diên VPBank dong thòi duoc chi dinh",93.44%
8,LINE,"Nguròi giao nhân Hop dông, văn bån, chúng tù này vói dai diên VPBank; Duoc thuc hiên các công viêc khác",91.72%
8,LINE,"theo quy dinh cúa VPBank liên quan dên viêc mo, quan lý và sú dung TKTT theo quy dinh pháp luât.",90.48%
8,LINE,1.5. Dai diên theo uy quyên duoc su dung con dâu theo dăng ký tai văn bån này dê dóng vào phân chû ký cúa,86.14%
8,LINE,"Chu tài khoån trong các Hop dông, văn bån, chúng tù nêu trên.",88.4%
8,LINE,1.6. Dai diên theo uy quyên thuc hiên theo dúng nôi dung uy quyên và không duoc phép uy quyên lai cho nguòi,93.4%
8,LINE,khác ngoai trù truong hop duoc quy dinh khác trong văn bån uy quyên này.,91.44%
8,LINE,"1.7. Viêc huy bo, thay thê uy quyên sú dung tai văn bån nay (nêu có) không làm châm dút trách nhiêm cúa pháp",85.99%
8,LINE,"nhân uy quyên dôi vói các giây tò, giao dich do Dai diên theo uy quyên dã xác lâp vói VPBank.",93.05%
8,LINE,1.8. Uy quyên này có hiêu luc kê tù ngày Chúng tôi duoc VPBank châp thuân các nôi dung theo Giay dê nghi mo,90.54%
8,LINE,và su dung TKTT Khách hàng tô chúc này tai Muc B Phân dành cho VPBank duói dây cho dên khi,92.65%
8,LINE,VPBank nhân duoc văn bån huy bő/thay thê cúa Chu tài khoån và nhûng thay dôi này dã duoc VPBank châp,81.12%
8,LINE,thuân.,94.75%
8,LINE,2. Uy quyên cúa Ké toán truông/Phu trách ké toán:,84.93%
8,LINE,"Bang văn bån này, Kê toán truong/Phu trách kê toán uy quyên cho Nguròi duoc uy quyên duoc thay măt Kê toán",87.65%
8,LINE,MB01D.QF-GDTC/62,38.66%
8,LINE,8,99.1%
9,LINE,truong/Phu trách kê toán thuc hiên các công viêc sau dây:,90.69%
9,LINE,2.1. Nguròi duoc uy quyên cua Kê toán truong/Phu trách kê toán duoc thay măt Kê toán truong/Phu trách kê toán,85.77%
9,LINE,ký vào phân chû ký trên các văn bån giao dich liên quan dên TKTT trong pham vi duoc uy quyên.,94.9%
9,LINE,"2.2. Vói tu cách là Nguròi duoc uy quyên boi Kê toán truong/Phu trách kê toán, Nguòi duoc uy quyên duoc thuc",86.83%
9,LINE,hiên toàn bô các quyên dong thòi có trách nhiêm thuc hiên dây du các nghîa vu cúa Kê toán truong/Phu,84.25%
9,LINE,trách kê toán theo quy dinh cúa pháp luât.,90.87%
9,LINE,"2.3. Trong quá trình thuc hiên các công viêc duoc uy quyên, Nguròi duoc uy quyên phåi tuân thu các quy dinh",84.97%
9,LINE,pháp luât có liên quan và không duoc uy quyên lai cho nguòi khác thuc hiên các công viêc duoc uy quyên.,92.43%
9,LINE,"2.4. Viêc huy bô, thay the uy quyên sú dung tai văn bån này (nêu có) không làm châm dút trách nhiêm cúa",80.86%
9,LINE,"Nguròi uy quyên dôi vói các giây tò, giao dich do Nguròi duoc uy quyên dã xác lâp vói VPBank.",88.39%
9,LINE,2.5. Uy quyên này có hiêu luc kê tù ngày Chúng tôi duoc VPBank châp thuân tai Muc B - Phân dành cho,91.94%
9,LINE,VPBank duói dây cho dên khi VPBank nhân duoc văn bån huy bő/thay thê cúa Nguròi uy quyên và nhûng,82.46%
9,LINE,thay dôi này dã duoc VPBank châp thuân.,89.83%
9,LINE,"3. Cam kêt úy quyên Chu tài khoån, Ké toán truöng/Phu trách kê toán",78.09%
9,LINE,"Chu tài khoån, Kê toán truong/Phu trách kê toán chiu trách nhiêm truóc pháp luât vê moi cam kêt, giao dich do",88.72%
9,LINE,Nguròi duoc uy quyên thuc hiên trong pham vi uy quyên và xác nhân:,87.51%
9,LINE,(i) Dã hiêu rõ răng nôi dung uy quyên tai văn bån này là rât rông;,82.34%
9,LINE,"(ii) Dã hiêu rõ quyên, nghîa vu, loi ích cua mình và hâu quå pháp lý cua viêc uy quyên;",84.59%
9,LINE,"(iii) Dong ý vói moi nôi dung uy quyên tai văn ban này và không có bât ky khiêu nai, khiéu kiên, tranh chap nào",83.81%
9,LINE,dôi vói VPBank liên quan dên viêc VPBank thuc hiên các giao dich do Nguròi duoc uy quyên/Nguròi duoc uy,91.32%
9,LINE,quyên lai xác lâp.,91.74%
9,LINE,"IX. ĐĂNG KÝ NGU'ÒI GIAO NHAN HO'P ĐÒNG, VĂN BÅN, CHÚNG TÙ VÀ HÌNH THÚC NHÂN",73.7%
9,LINE,GIAY DE NGH! KIEM HOP DONG TU VPBANK (Tích vào ô dê lua chon)*,93.79%
9,LINE,"Đăng ký nguòi giao nhân Hop dông, văn bån, chúng tù Khách hàng giao dich vói VPBank",91.31%
9,LINE,1.,99.57%
9,LINE,là can bô duoc chi dinh (i) theo các văn bån (Giay giói thiêu/Thông báo/Văn bån úy,84.93%
9,LINE,quyên...) và (ii) cán bô duoc dăng ký nhu duói:,89.28%
9,LINE,1.1. Ho và tên:,91.4%
9,LINE,Chúc vu:,81.07%
9,LINE,Dien thoai:,78.53%
9,LINE,Email:,99.95%
9,LINE,So CMND/H₀ chiéu/The CCCD:,55.97%
9,LINE,Ngày câp:,81.62%
9,LINE,Noi câp,89.3%
9,LINE,Dia chi:,90.94%
9,LINE,1.2. Ho và tên:,91.35%
9,LINE,Chúc vu:,85.33%
9,LINE,Dien thoai:,82.23%
9,LINE,Email:,99.87%
9,LINE,Sô CMND/Hô chiéu/The CCCD:,61.86%
9,LINE,Ngày cap:,77.98%
9,LINE,Noi câp,81.93%
9,LINE,Dia chi:,93.95%
9,LINE,Chi thi dãc biêt (nêu có):,85.69%
9,LINE,"Ghi, chú: Truong hop Khách hàng lua chon Phuong thúc uy quyên theo Văn ban uy quyên riêng (không tích hop uy quyên tai",89.47%
9,LINE,"Giây dê nghi này) thì viêc giao nhân các Hop dông, văn bån, chung tù nhu nêu tai Muc VIII vân duoc áp dung",92.27%
9,LINE,"2. Đāng ký hình thúc nhân Giay dê nghi kiêm Hop dong này tù VPBank sau khi dai diên VPBank ký, dóng dâu",89.72%
9,LINE,vào Muc B - Phân dành cho VPBank duói dây,93.77%
9,LINE,2.1,99.92%
9,LINE,"Giay dê nghi kiêm Hop dông này duoc lâp thành 01 (môt) bån gôc, Khách hàng dê nghi VPBank",87.52%
9,LINE,giû 01 (môt) bån gôc và gúri cho Khách hang 01 (môt) bån sao.,89.94%
9,LINE,2.2,99.96%
9,LINE,"Giay dê nghi kiêm Hop dông này duoc lâp thành 02 (hai) bån gôc, VPBank giû 01 (môt) bån gôc",86.66%
9,LINE,và gúri cho Khách hàng 01 (môt) bån gôc.,89.32%
9,LINE,X. XÁC NHÂN CÚA KHÁCH HÀNG:,84.05%
9,LINE,1.,99.64%
9,LINE,"Chúng tôi dông ý mo, su dung TKTT dã duoc mo tai VPBank, thuc hien duy trì và tuân thu các quy dinh",89.25%
9,LINE,"vê quån lý, sú dung TKTT cúa VPBank trong tùng thòi ky.",86.39%
9,LINE,2.,99.69%
9,LINE,"Chúng tôi xác nhân dã nhân, doc và duoc tu vân giåi thích day du nôi dung cúa Giây dê nghi kiêm Hop",88.25%
9,LINE,"dông mo và sú dung tài khoan thanh toán, Ban Diêu kiên giao dich chung vê mo và su dung tài khoan",82.09%
9,LINE,thanh toán Khách hàng là tô chúc (Áp dung cho Khách hàng tô chúc mo và su dung TKTT thông qua Chi,89.5%
9,LINE,MB01D.Q¥-GDTC/62,29.91%
9,LINE,9,99.52%
10,LINE,nhánh/VPDD) và Diêu khoan và Diêu kiên vê tuân thu dao luât FATCA dành cho Khách hàng tô chúc,88.95%
10,LINE,"duoc VPBank công bô trên website http://www.vpbank.com.vn, tai tru so dia diêm kinh doanh, phân mêm",91.46%
10,LINE,"úng dung giao dich truc tuyên trên Internet, diên thoai di dông (nêu có) cúa VPBank. Bån Diêu kiên giao",88.49%
10,LINE,dich chung duoc coi là Phu luc không tách ròi cúa Giay dê nghi kiêm Hop dong mo và su dung tài khoan,85.16%
10,LINE,"thanh toán này. Chúng tôi hoàn toàn dông ý vói các diêu khoån, diêu kiên này, bao gôm cá biêu phí dich",90.06%
10,LINE,"vu cúa VPBank. Chúng tôi hiêu ràng chính sách vê mo, quån lý, sú dung tài khoån và biêu phí dich vu do",86.73%
10,LINE,VPBank cung câp có thê duoc thay dôi trong tùng thòi ky và nhûng thay dôi này sê ràng buôc Chúng tôi.,86.51%
10,LINE,Chúng tôi dông ý ràng VPBank có thê thông báo cho Chúng tôi vê nhûng thay dôi nay băng môt trong các,86.93%
10,LINE,phuong thúc liên hê do VPBank triên khai tùng thòi ky bao gôm nhung không giói han môt trong các,94.1%
10,LINE,"phuong thúc sau: goi diên thoai; gúri tin nhãn SMS hoãc gui email theo sô diên thoai, dia chi email cúa",86.63%
10,LINE,Chúng tôi hoãc cúa Dai diên theo pháp luât/Dai diên theo uy quyên cúa Chúng tôi theo dăng ký tai Giây,87.03%
10,LINE,dê nghi này; niêm yêt tai tru so dia diêm kinh doanh hoãc thông báo trên website chính thúc cúa VPBank,91.5%
10,LINE,"(website: www.vpbank.com.vn). Dôi vói các nôi dung VPBank thông báo cho Chúng tôi bang văn bån,",92.29%
10,LINE,Chúng tôi hiêu răng văn bån có thê duoc VPBank lâp và gúri bang bån giây hoãc bang các thông diep dû,82.53%
10,LINE,liêu qua tin nhãn SMS hoãc email cho Chúng tôi.,91.88%
10,LINE,3.,99.79%
10,LINE,Chúng tôi cam kêt rang:,87.14%
10,LINE,"(i) Moi thông tin Chúng tôi cung câp là chính xác, day dů, chân thuc.",89.33%
10,LINE,(ii) Dông ý dê VPBank xác thuc các thông tin trên tù bât ky nguôn nào mà VPBank có duoc.,91.7%
10,LINE,(iii) Mâu dâu duoc dăng ký tai Giay dê nghi kiêm Hop dong mo và su dung TKTT Khách hàng tô chúc,81.8%
10,LINE,(Áp dung cho Khách hang tô chúc mo và sú dung TKTT thông qua Chi nhánh/VPDD) này dã duoc,87.57%
10,LINE,câp có thâm quyên phê duyêt hop lê theo quy dinh nôi bô cúa Chúng tôi. Chúng tôi cam kêt chiu moi,93.1%
10,LINE,"trách nhiêm vê tính trung thuc, chính xác, hop pháp, phù hop thuân phong my tuc, văn hóa, khå nãng",91.89%
10,LINE,gây nhâm lan cúa con dâu và tranh châp phát sinh do viêc quan lý và su dung con dâu.,85.46%
10,LINE,"(iv) Cho muc dích tuân thu quy dinh pháp luât; muc dích xây dung, hoàn thiên, phát triên các sån phâm,",92.54%
10,LINE,"dich vu và thuc hiên các hoat dông kinh doanh, hoat dong hop pháp khác cúa VPBank; và/hoac muc",92.14%
10,LINE,"dích tao diêu kiên dê Chúng tôi có the tiép cân và su dung da dang các sån phâm, dich vu do VPBank",89.64%
10,LINE,"hoãc các bên liên quan, các dôi tác khác cung cap, Chúng tôi dông ý ràng VPBank có thê su dung các",85.02%
10,LINE,"thông tin cá nhân cua Chúng tôi, thông tin tù các văn bån, tài liêu do Chúng tôi cung câp và thong tin",91.06%
10,LINE,các giao dich cúa Chúng tôi tai VPBank dê cung câp cho (i) các co quan có thâm quyên yêu câu cung,91.63%
10,LINE,câp thông tin theo quy dinh cúa pháp luât; (ii) các don vi có chúc nãng cung câp dich vu thông tin tín,90.96%
10,LINE,"dung, dánh giá tín nhiêm, kiêm toán; (iii) các công ty con, công ty liên kêt, công ty thành viên cúa",94.41%
10,LINE,"VPBank; (iv) các dôi tác kinh doanh, dôi tác liên quan có hop tác vói VPBank dê phát triên, cung câp",92.17%
10,LINE,"hoãc liên quan tói viêc phát triên, cung câp các sån phâm, dich vu cúa VPBank; (v) các dai lý, nhà thâu",89.63%
10,LINE,"hay các nhà cung câp hàng hóa, dich vu có ký kêt hop dông, thoa thuân vói VPBank liên quan tói các",93.31%
10,LINE,"hoat dông cúa VPBank và/hoac (vi) các bên liên quan khác mà VPBank thay là cân thiêt dê dáp úng,",89.98%
10,LINE,bão vê quyên và loi ích hop pháp cúa Chúng tôi.,90.73%
10,LINE,(v) Chúng tôi sê thông báo cho VPBank trong vòng 30 ngày nêu có bât ky thay dôi nào dôi vói thông tin,91.1%
10,LINE,mà chúng tôi dã cung câp cho VPBank và mien trù trách nhiêm cua VPBank trong moi truong hop nêu,91.2%
10,LINE,Chúng tôi châm trê trong viêc không thuc hiên theo dúng cam kêt này.,92.65%
10,LINE,(vi) Nham dåm bão duoc cung câp thông tin kip thòi trong quá trình su dung sån phâm/dich vu cúa,85.39%
10,LINE,"VPBank, bang viêc khai báo các thông tin nêu trên và ký vào Giay dê nghi kiêm Hop dong mo và sú",89.56%
10,LINE,dung TKTT Khách hàng tô chúc (Áp dung cho Khách hàng tô chúc mo và sú dung TKTT thông qua,89.58%
10,LINE,"Chi nhánh/VPDD) này, Chúng tôi xác nhân dông ý nhân thông tin, thông báo (bao gôm cå thông tin",90.62%
10,LINE,"quang cáo, khuyên mai) vê các sån phâm, dich vu, uu dãi, chuong trình, hoat dông, cúa VPBank",87.49%
10,LINE,"thông qua tin nhãn, thu diên tů, cuôc goi diên thoai và các phuong tiên khác duoc VPBank triên khai",90.6%
10,LINE,"tùng thòi ky. Nêu tù chôi nhân các thông tin nêu trên, Chúng tôi sê goi dên hotline 1900545415 hoãc",91.97%
10,LINE,theo các phuong thúc khác duoc VPBank thông báo tùng thòi ky trên website chính thúc cua VPBank.,91.01%
10,LINE,(vii) Bang viêc ký trên Giay dê nghi kiêm Hop dong mo và su dung TKTT Khách hàng tô chúc (Áp,85.43%
10,LINE,"dung cho Khách hàng tô chúc mo và sú dung TKTT thông qua Chi nhánh/VPDD) này, Dai diên theo",88.12%
10,LINE,"pháp luât, Dai diên theo uy quyên cúa Chu tài khoån, Kê toán truong/phu trách kê toán, Nguròi duoc uy",84.54%
10,LINE,quyên boi Kê toán truong/phu trách kê toán cam kêt dong ý tuân thu các nôi dung tai Bån Diêu kiên,87.21%
10,LINE,giao dich chung vê mo và sú dung tài khoan thanh toán (Ap dung Khách hàng tô chúc) và Diêu khoan,87.89%
10,LINE,và Diêu kiên vê tuân thu dao luât FATCA dành cho Khách hàng tô chúc duoc VPBank công bô trên,93.8%
10,LINE,website http://www.vpbank.com.vn. Bån Diêu kiên giao dich chung và Diêu khoan và Diêu kiên vê tuân,91.31%
10,LINE,MB01D.QF-GDTC/62,36.58%
10,LINE,10,98.56%
11,LINE,thu dao luât FATCA dành cho Khách hàng tô chúc duoc coi là Phu luc không tách ròi cúa Giay dê nghi,90.1%
11,LINE,kiêm Hop dông mo và sú dung tài khoan thanh toán này.,84.51%
11,LINE,", ngày",94.03%
11,LINE,tháng,98.81%
11,LINE,năm,90.7%
11,LINE,KÉ TOÁN TRUÖNG/PHY TRÁCH KÉ TOÁN,86.04%
11,LINE,CHU TÀI KHOAN,71.27%
11,LINE,(Ky và ghi rõ ho tên),94.65%
11,LINE,DAI DIÊN THEO PHÁP LUÂT,88.75%
11,LINE,"(Ky và ghi rõ ho tên, dóng dau)",89.71%
11,LINE,B- PHÂN DÀNH CHO VPBANK:,90.02%
11,LINE,Ngân hàng TMCP Viêt Nam Thinh Vuong - Chi nhánh,92.05%
11,LINE,(VPBank),99.8%
11,LINE,-,89.28%
11,LINE,Dia chi:,93.45%
11,LINE,-,88.92%
11,LINE,Diên thoai:,89.13%
11,LINE,Fax:,99.62%
11,LINE,"Sau khi kiêm soát và xác dinh Hô SO mo tài khoån thanh toán cúa Khách hàng là dây du và hop lê,",87.48%
11,LINE,"VPBank dong ý mo Tài khoån thanh toán cho Khách hàng, cu thê:",89.25%
11,LINE,Mã Khách hàng (CIF):,95.63%
11,LINE,Loai Tiên,96.47%
11,LINE,Sô Tài khoån,73.44%
11,LINE,Ngày băt dâu hoat dong,78.67%
11,LINE,VND,99.99%
11,LINE,USD,100.0%
11,LINE,Dông tiên khác/other:,77.74%
11,LINE,Xác nhân cúa VPBank vê trang thái FATCA cúa Khách hàng là tô chúc phi tài chính:,91.65%
11,LINE,Tô chúc phi tài chính là Nguròi Hoa Ky,84.15%
11,LINE,To chúc phi tài chính là Nguròi Hoa Ky xác dinh,85.59%
11,LINE,To chúc phi tài chính chông dôi là nguòi Hoa Ky,84.37%
11,LINE,To chúc phi tài chính nuóc ngoài chu dông,84.51%
11,LINE,Tô chúc phi tài chính nuóc ngoài bi dông không có cá nhân có quyên kiêm soát là nguòi Hoa Ky,90.23%
11,LINE,To chúc phi tài chính nuóc ngoài bi dông có cá nhân có quyên kiêm soát là nguòi Hoa Ky,89.41%
11,LINE,Tô chúc phi tài chính nuóc ngoài bi dông chông dôi.,84.51%
11,LINE,Tô chúc phi tài chính chông dôi không có dau hiêu Hoa Ký (Chi áp dung cho Khách hàng mo CIF,83.94%
11,LINE,truóc 02/4/2016),90.65%
11,LINE,Tô chúc phi tài chính chông dôi có dâu hiêu Hoa Ky (Chi áp dung cho Khách hàng mo CIF truóc,83.74%
11,LINE,MB01D.QD-GDTC/62,85.31%
11,LINE,11,99.53%
12,LINE,02/4/2016),99.73%
12,LINE,"Các thông tin yêu câu kiêm tra dã duoc hoàn thiên boi Khách hang và thông tin dã cung câp là chính xác,",90.42%
12,LINE,dây du và câp nhât.,85.31%
12,LINE,", ngày",96.78%
12,LINE,tháng,98.77%
12,LINE,năm,86.3%
12,LINE,Chuyên viên Dich vu,95.39%
12,LINE,Kiêm soát viên/,92.15%
12,LINE,Giám dôc Dich vu Khách hàng/Truving phòng,84.55%
12,LINE,Khách hàng,93.1%
12,LINE,Truong nhóm giao,82.53%
12,LINE,"(Ky và ghi rõ ho tên, dóng dâu)",87.4%
12,LINE,(Ky và ghi rõ ho tên),93.4%
12,LINE,dich viên,98.35%
12,LINE,(Ky và ghi rõ ho tên),90.71%
12,LINE,MB01D.QF-GDTC/62,29.4%
12,LINE,12,99.61%
13,LINE,HU'ÓNG DÃN SÚ DUNG MÃU BIÊU,68.44%
13,LINE,I. HU'ÓNG DÃN CHUNG:,78.75%
13,LINE,1. Truòng hop áp dung: Mâu sô MB01D.QB-GDTC/62 duoc áp dung cho Khách hàng tô chúc mo thông qua,89.41%
13,LINE,"Chi nhánh, Văn phòng dai diên.",86.85%
13,LINE,"2. Luru ý: Truóc khi in mau dê ký kêt vói Khách hàng, phài kiêm tra lai thât ký nôi dung cua mâu biêu, làm theo",84.04%
13,LINE,"dúng chi dan tai các foot-note (nêu có) và phân huóng dan, sau dó xóa phân huóng dân.",87.88%
13,LINE,3. Huóng dãn chung:,84.21%
13,LINE,-,87.55%
13,LINE,Huóng dân Khách hàng diên thông tin tên theo Giáy chúng nhân dăng ký doanh nghiep/Quyét dinh,84.96%
13,LINE,"thành lâp, bang chû IN HOA, dánh dâu vào ô thích hop và gach chéo nhûng phân không dùng dên.",88.66%
13,LINE,-,87.91%
13,LINE,Các muc có dâu (*) là bat buôc.,86.03%
13,LINE,-,88.76%
13,LINE,"Giay dê nghi duoc lâp thành 02 (hai) bån, Khách hàng giû 01 (môt) bån và VPBank giû 01 (môt) bån.",89.66%
13,LINE,Truong hop Khách hàng có nhu câu giû nhiêu hon 01 (môt) bån thì Don vi súa dôi sô luong cho phù,87.74%
13,LINE,hop.,99.92%
13,LINE,-,88.63%
13,LINE,Giây dê nghi phåi duoc dóng dâu giáp lai toàn bô boi Khách hàng và VPBank.,84.98%
13,LINE,4. Trong quá trình vân hành mau biêu nêu có vuóng mác Don vi vui lòng liên hê vói dâu môi cua TB dê duoc hô,85.59%
13,LINE,tro.,95.93%
13,LINE,II. PHAN NOI DUNG,78.51%
13,LINE,1. Phân dành cho Khách hàng:,94.85%
13,LINE,a),99.72%
13,LINE,Phân thông tin Khách hàng: Hoàn thiên các thông tin cua Khách hàng - Chu tài khoån vào các phân dê,85.91%
13,LINE,"trông tuong úng dåm bão thông tin day dů, chính xác.",82.52%
13,LINE,Luru ý:,78.49%
13,LINE,-,87.16%
13,LINE,"Huóng dan Khách hàng diên chính xác tên tài khoån, thông tin Chu tài khoán, thông tin Chi nhánh/Văn",81.41%
13,LINE,phòng dai diên.,96.76%
13,LINE,-,86.06%
13,LINE,"Tai nôi dung Sô diên thoai, email: Huóng dan Khách hàng diên chính xác dia chi dê nhân các thông báo",90.72%
13,LINE,"cúa VPBank vê phí, lãi suât và các chính sách Dich vu tài khoan khác cua VPBank cung câp trong tùng",89.97%
13,LINE,"thòi ky. Truong hop KH chi có nhu câu dang ký sô diên thoai, email nhân thông báo cúa Chi",90.99%
13,LINE,"nhánh/Văn phòng dai diên thì huóng dan KH dang ký sô diên thoai, email nhân thông báo cúa Chi",86.62%
13,LINE,nhánh/Văn phòng dai diên.,86.13%
13,LINE,b),99.85%
13,LINE,"Phân thông tin Đai diên theo pháp luât; Giám dôc/Tručng Chi nhánh, Văn phòng dai diên; Dai diên",88.01%
13,LINE,"theo úy quyên cúa Chu tài khoån; Kê toán truông/phu trách kê toán, Nguròi duro'c йу quyên bôi Ké",75.47%
13,LINE,toán truông/phu trách kê toán và dăng ký mâu chû ký sú dung tài khoån thanh toán: Hoàn thiên các,83.74%
13,LINE,"thông tin vào các phân dê trông tuong úng dam bão thông tin dây dů, chính xác.",86.14%
13,LINE,Luru ý:,85.57%
13,LINE,-,88.78%
13,LINE,Huóng dan Khách hàng lua chon và tích chính xác vào ô lua chon.,89.66%
13,LINE,-,87.72%
13,LINE,"Dôi vói văn bån uy quyên thì cân ghi day du chính xác sô văn bån, ngày ký, nguòi uy quyên.",83.13%
13,LINE,-,87.03%
13,LINE,Truong hop phát sinh thêm Dai diên theo uy quyên cúa Chu tài khoån (so vói thông tin hiên có trên,89.32%
13,LINE,mau biêu) hoãc phát sinh thêm Nguròi duoc uy quyên cua Ké toán truong/Phu trách kê toán (so vói,82.56%
13,LINE,thông tin hiên có trên mau biêu) thì don vi có thê chu dông bô sung thêm thông tin tuong úng vói các,88.67%
13,LINE,thông tin theo mãu biêu hiên hành cúa VPBank.,84.08%
13,LINE,-,86.72%
13,LINE,"Truong hop phát sinh thêm ""Nhóm chû ký thú ba"" ngoài Nhóm chû ký cúa Chu tài khoån và",88.58%
13,LINE,"Kê toán truong, thì Don vi soan thão thuc hiên: Bô sung thêm Muc X (truóc Muc: ""Xác nhân",91.16%
13,LINE,"cúa Khách hàng"" và sau ""Dăng ký nguòi giao nhân hop dông, văn bån, chúng tù"". Luru ý khi",86.05%
13,LINE,bô sung Muc mói cân súa sô thú tu tiêp theo cho phù hop) nhu sau:,97.01%
13,LINE,"""X. ĐĂNG KÝ THÔNG TIN VÀ MÃU CHŪ KÝ SÚ DUNG TÀI KHOAN THANH",77.21%
13,LINE,"TOÁN CÚA NHÓM CHŪ KÝ THÚ BA"":",82.99%
13,LINE,"Luu y: Thông tin só thi thuc nhâp cånh, ngày hêt han, noi cap; Dia chi cu trú tai nuóc ngoài áp dung dói vói",91.23%
13,LINE,Nguòi nuóc ngoài/Nguòi không quoc tich/Nguòi có tù 2 quoc tich trô lên.,86.06%
13,LINE,MB01D.QD-GDTC/62,79.58%
13,LINE,13,98.67%
14,LINE,NHÓM CHÛ KÝ THÚ BA,83.05%
14,LINE,THÔNG TIN NHÓM CHŪ KÝ THÚ BA,83.54%
14,LINE,MÃU CHŪ KÝ 1,68.99%
14,LINE,MÃU CHŪ KÝ 2,71.46%
14,LINE,Ho và tên:,85.29%
14,LINE,Ngày sinh:,98.67%
14,LINE,Nam,99.93%
14,LINE,Nû,82.93%
14,LINE,Nghê nghiep:,86.01%
14,LINE,Chúrc vu:,84.4%
14,LINE,Quoc tich:,82.5%
14,LINE,Sô CMND/HC/The CCCD:,82.74%
14,LINE,Ngày cap:,79.77%
14,LINE,Noi cap:,79.62%
14,LINE,Mã sô thué:,82.87%
14,LINE,Diên thoai:,94.48%
14,LINE,Email:,99.89%
14,LINE,Dia chi thuong trú/cu trú Ó nuóc ngoài:,84.39%
14,LINE,Noi O' hiên tai/ dang ký cu trú tai VN:,84.2%
14,LINE,Tinh trang cu trú:,97.82%
14,LINE,Cu trú,98.86%
14,LINE,Không cu trú,97.75%
14,LINE,Sô thi thuc:,84.81%
14,LINE,Noi cap:,84.35%
14,LINE,Ngày hêt han:,95.31%
14,LINE,"Dông thòi tai Muc IV ""Dăng ký mâu dâu và nguyên tãc sú dung mãu dau, mâu chû ký sú",75.62%
14,LINE,"dung tài khoån thanh toán"" duoc súa dôi nhu sau:",92.61%
14,LINE,"""IV. DĂNG KÝ MÃU DÁU VÀ NGUYÊN TAC SÚ DUNG MÃU DÁU, MÃU CHŪ KÝ",76.82%
14,LINE,"VÀ SÜ DUNG TÀI KHOÄN THANH TOÁN"" *",82.58%
14,LINE,Nguyên tăc sú dung mâu dâu và mâu chû ký,76.72%
14,LINE,Đăng ký mâu dâu,73.63%
14,LINE,Đăng ký mâu dâu,72.11%
14,LINE,Chúng tù giao dich tài khoån cúa Chúng tôi chi có hieu luc khi,90.29%
14,LINE,duoc dóng dâu (theo dang ký tai muc này) và thoa mãn môt,90.96%
14,LINE,trong các diêu kiên duói dây:,88.31%
14,LINE,Có ít nhât môt chû ký thuôc Nhóm chû ký thú nhât cua Chu,87.25%
14,LINE,tài khoån và môt chû ký thuôc Nhóm chû ký thú ba (trong,91.69%
14,LINE,truong hop tô chúc không bat buôc phài bô trí Ké toán,85.61%
14,LINE,truong/phu trách kê toán theo quy dinh cúa pháp luât); hoãc,85.59%
14,LINE,Có ít nhât môt chû ký thuôc Nhóm chû ký thú nhât cua Chu,86.43%
14,LINE,tài khoån và môt chû ký thuôc Nhóm chû ký thú hai cúa Ké,86.03%
14,LINE,toán truong/Phu trách kê toán/Nguòi duoc uy quyên boi Ké,80.81%
14,LINE,toán truðng/phu trách kê toán và môt chû ký thuôc Nhóm,87.97%
14,LINE,chû ký thú ba; hoãc,92.03%
14,LINE,Quy dinh khác (vui lòng ghi rõ):,98.03%
14,LINE,c),99.29%
14,LINE,"Phân dăng ký mãu dâu và nguyên tác súr dung mâu dâu, mãu chû ký sú dung tài khoån thanh toán:",77.38%
14,LINE,Huróng dan Khách hàng:,71.45%
14,LINE,-,89.65%
14,LINE,Đāng ký mãu dâu hop pháp cúa Chi nhánh/Văn phòng dai diên.,79.14%
14,LINE,-,89.51%
14,LINE,Lua chon và tích chính xác vào ô lua chon nguyên tãc sú dung mâu dâu và mãu chû ký,85.51%
14,LINE,d),99.81%
14,LINE,Phân dăng ký Tên tài khoån và loai tài khoån,88.75%
14,LINE,-,88.54%
14,LINE,Huóng dan Khách hàng dăng ký thông tin Tên tài khoån bao gom tôi da 35 ký tu.,87.12%
14,LINE,e),99.58%
14,LINE,Phân dăng ký dich vu tài khoån: Huóng dan Khách hàng lua chon và tích chính xác vào ô lua chon.,90.87%
14,LINE,Luru ý: Dôi vói hình thúc nhân sô phu/hóa don nêu Khách hàng lua chon nhân truc tiép tai Diêm giao dich,90.62%
14,LINE,cúa VPBank thì huóng dan Khách hàng diên dây du thông tin này,80.69%
14,LINE,MB01D.QF-GDTC/62,29.75%
14,LINE,14,99.8%
15,LINE,f),99.54%
15,LINE,Phân Dich vu SMS Banking: Huóng dan Khách hàng lua chon và tích chính xác vào ô lua chon và diên,92.19%
15,LINE,chính xác sô diên thoai dăng ký.,88.17%
15,LINE,g),99.79%
15,LINE,Phân thông tin FATCA: Huóng dan Khách hàng lua chon và tích chính xác vào ô lua chon và kê khai day,91.07%
15,LINE,du thông tin.,85.76%
15,LINE,Cung câp cho KH tiêu chí xác dinh Tô chúc phi tài chính nuóc ngoài chu dông theo các tiêu chí,94.44%
15,LINE,sau:,99.84%
15,LINE,Tô chúc chu dông (theo thu nhâp và tài sån).,90.56%
15,LINE,Chính phů và các co quan thuôc Chính phů,87.24%
15,LINE,Trong năm tài chính truóc hoãc thòi diêm khác,89.78%
15,LINE,"nuóc ngoài (ngoài Hoa Ký), Chính phů cúa",86.13%
15,LINE,"phù hop, tô chúrc:",96.05%
15,LINE,"Vùng lãnh thô phu thuôc cua Hoa Ký, Tô chúc",81.57%
15,LINE,-,89.33%
15,LINE,Có duói 50% tông thu nhâp là thu nhâp,95.97%
15,LINE,quóc té,52.88%
15,LINE,thu dông.,85.86%
15,LINE,Công ty dâu tu hoãc trung tâm nguôn vôn,81.99%
15,LINE,-,88.1%
15,LINE,Có duói 50% tài sån duoc tao ra hoãc,94.46%
15,LINE,Công ty mói thành lâp duói 24 tháng,94.45%
15,LINE,duoc sú dung dê tao ra thu nhâp thu dông,89.79%
15,LINE,Công ty dang giåi thê hoãc dang tái câu trúc,88.43%
15,LINE,Công ty cô phân dai chúng hoãc công ty thuôc,91.65%
15,LINE,sau khi phá sån,90.96%
15,LINE,nhóm liên kêt mo rông có cô phiéu duoc niêm,90.9%
15,LINE,yêt trên thi truong chúng khoán,95.48%
15,LINE,Công ty tham gia vào các giao dich câp vôn và,91.51%
15,LINE,"bão hiêm rui ro vói, hoãc cho, các Thuc thê",86.26%
15,LINE,Tô chúc phi tài chính lãnh thô,91.24%
15,LINE,liên quan không phai là Tô chúc Tài chính,89.9%
15,LINE,Tô chúc phi loi nhuân,92.35%
15,LINE,h),99.79%
15,LINE,Thông tin vê chú só hûru huong loi: Huróng dan Khách hàng xác dinh chu SÓ hûu huong loi và diên day,74.25%
15,LINE,du thông tin.,86.99%
15,LINE,Luru ý: Truong Dôi tuong SÓ hûu diên các ký hiêu (1a) (1b) tuong úng vói tùng loai dôi tuong và % so,83.63%
15,LINE,"hûu (nêu thuôc loai (2a), (2b))",87.88%
15,LINE,i),99.69%
15,LINE,Thông tin vê muc dích cúa Khách hàng trong môi quan hê vói VPBank: Huóng dan Khách hàng lua,90.47%
15,LINE,chon và tích chính xác vào ô lua chon.,96.77%
15,LINE,j),99.38%
15,LINE,"Thông tin úy quyên cúa Chù tài khoån, Ké toán truong: Huóng dan Khách hàng lua chon phurong",77.11%
15,LINE,thúc úy quyên và diên tay nôi dung: sô phurong thúc uy quyên (diên sô 1 hoãc 2),85.87%
15,LINE,k),99.76%
15,LINE,"Thông tin vê dăng ký nguòi giao nhân hô so, chúng tù: Huóng dan Khách hàng dang ký nguòi giao",88.05%
15,LINE,"nhân hô so, chúng tù cúa Khách hàng bang cách tích vào ô dê lua chon.",91.72%
15,LINE,1),99.16%
15,LINE,Phân ký xác nhân cúa Khách hàng:,91.63%
15,LINE,-,87.03%
15,LINE,Giây dê nghi duoc ký boi Dai diên theo pháp luât và Ké toán truong/phu trách kê toán.,87.56%
15,LINE,-,85.24%
15,LINE,Truong hop dai diên Chu tài khoan ký Giây dê nghi là Dai diên theo uy quyên (không phai là Dai diên,85.71%
15,LINE,theo pháp luât) thì cân có văn bån uy quyên hop lê cúa Chu tài khoan cho Dai diên uy quyên trong dó,87.78%
15,LINE,nêu rõ Dai diên uy quyên duoc quyên ký và quyêt tât cå các vân dê liên quan dên viêc mo và sú dung,84.2%
15,LINE,"TKTT tai VPBank, bao gôm cá viêc chi dinh nguòi sú dung tài khoan.",86.89%
15,LINE,III. CHINH SÚA MÃU BIÊU:,76.73%
15,LINE,"Han chê súa dôi, thêm, bót nôi dung tai Giay dè nghi. Truong hop xét thay cân chinh súa hoãc Khách hàng yêu",85.54%
15,LINE,"câu chinh súa, Don vi thuc hiên chinh súa và phê duyêt theo quy dinh cúa VPBank trong tùng thòi ky.",92.13%
15,LINE,MB01D.QD-GDTC/62,65.28%
15,LINE,15,99.03%
